Date,Open,High,Low,Close,Volume
2020-10-15,61.038420145171635,61.038420145171635,61.038420145171635,61.038420145171635,61.038420145171635
2020-10-16,61.038420145171635,61.038420145171635,61.038420145171635,61.038420145171635,61.038420145171635
2020-10-17,44.776151018739505,44.776151018739505,44.776151018739505,44.776151018739505,44.776151018739505
2020-10-18,42.37271342853077,42.37271342853077,42.37271342853077,42.37271342853077,42.37271342853077
2020-10-19,32.71113233658529,32.71113233658529,32.71113233658529,32.71113233658529,32.71113233658529
2020-10-20,33.8709208971172,33.8709208971172,33.8709208971172,33.8709208971172,33.8709208971172
2020-10-21,31.13609652657138,31.13609652657138,31.13609652657138,31.13609652657138,31.13609652657138
2020-10-22,26.805785916433425,26.805785916433425,26.805785916433425,26.805785916433425,26.805785916433425
2020-10-23,23.726553001137823,23.726553001137823,23.726553001137823,23.726553001137823,23.726553001137823
2020-10-24,24.698251881253096,24.698251881253096,24.698251881253096,24.698251881253096,24.698251881253096
2020-10-25,25.715797622859426,25.715797622859426,25.715797622859426,25.715797622859426,25.715797622859426
2020-10-26,38.95813731766341,38.95813731766341,38.95813731766341,38.95813731766341,38.95813731766341
2020-10-27,33.62610370159718,33.62610370159718,33.62610370159718,33.62610370159718,33.62610370159718
2020-10-28,35.23708314972304,35.23708314972304,35.23708314972304,35.23708314972304,35.23708314972304
2020-10-29,33.66986889228532,33.66986889228532,33.66986889228532,33.66986889228532,33.66986889228532
2020-10-30,32.56480146503134,32.56480146503134,32.56480146503134,32.56480146503134,32.56480146503134
2020-10-31,29.23454574803566,29.23454574803566,29.23454574803566,29.23454574803566,29.23454574803566
2020-11-01,31.068181236508313,31.068181236508313,31.068181236508313,31.068181236508313,31.068181236508313
2020-11-02,31.59249510134678,31.59249510134678,31.59249510134678,31.59249510134678,31.59249510134678
2020-11-03,29.721117221708248,29.721117221708248,29.721117221708248,29.721117221708248,29.721117221708248
2020-11-04,28.863213090978785,28.863213090978785,28.863213090978785,28.863213090978785,28.863213090978785
2020-11-05,28.89940702403186,28.89940702403186,28.89940702403186,28.89940702403186,28.89940702403186
2020-11-06,29.437496731232574,29.437496731232574,29.437496731232574,29.437496731232574,29.437496731232574
2020-11-07,31.67873056481789,31.67873056481789,31.67873056481789,31.67873056481789,31.67873056481789
2020-11-08,29.92173183428666,29.92173183428666,29.92173183428666,29.92173183428666,29.92173183428666
2020-11-09,30.71437762454573,30.71437762454573,30.71437762454573,30.71437762454573,30.71437762454573
2020-11-10,31.27614564306925,31.27614564306925,31.27614564306925,31.27614564306925,31.27614564306925
2020-11-11,30.355539393303946,30.355539393303946,30.355539393303946,30.355539393303946,30.355539393303946
2020-11-12,30.074590872459012,30.074590872459012,30.074590872459012,30.074590872459012,30.074590872459012
2020-11-13,29.50138763139613,29.50138763139613,29.50138763139613,29.50138763139613,29.50138763139613
2020-11-14,29.18348938011425,29.18348938011425,29.18348938011425,29.18348938011425,29.18348938011425
2020-11-15,29.308241083537126,29.308241083537126,29.308241083537126,29.308241083537126,29.308241083537126
2020-11-16,27.754596975192612,27.754596975192612,27.754596975192612,27.754596975192612,27.754596975192612
2020-11-17,27.47415850246156,27.47415850246156,27.47415850246156,27.47415850246156,27.47415850246156
2020-11-18,29.04663591100442,29.04663591100442,29.04663591100442,29.04663591100442,29.04663591100442
2020-11-19,28.884041127283858,28.884041127283858,28.884041127283858,28.884041127283858,28.884041127283858
2020-11-20,28.836418294945485,28.836418294945485,28.836418294945485,28.836418294945485,28.836418294945485
2020-11-21,29.03297941534771,29.03297941534771,29.03297941534771,29.03297941534771,29.03297941534771
2020-11-22,29.835385463370333,29.835385463370333,29.835385463370333,29.835385463370333,29.835385463370333
2020-11-23,28.97455195566526,28.97455195566526,28.97455195566526,28.97455195566526,28.97455195566526
2020-11-24,29.152495615482497,29.152495615482497,29.152495615482497,29.152495615482497,29.152495615482497
2020-11-25,29.69480828811275,29.69480828811275,29.69480828811275,29.69480828811275,29.69480828811275
2020-11-26,31.076483226999855,31.076483226999855,31.076483226999855,31.076483226999855,31.076483226999855
2020-11-27,29.859995505894357,29.859995505894357,29.859995505894357,29.859995505894357,29.859995505894357
2020-11-28,29.956028039749977,29.956028039749977,29.956028039749977,29.956028039749977,29.956028039749977
2020-11-29,29.92724371697021,29.92724371697021,29.92724371697021,29.92724371697021,29.92724371697021
2020-11-30,29.9657492276032,29.9657492276032,29.9657492276032,29.9657492276032,29.9657492276032
2020-12-01,30.291092806718957,30.291092806718957,30.291092806718957,30.291092806718957,30.291092806718957
2020-12-02,30.22263361850741,30.22263361850741,30.22263361850741,30.22263361850741,30.22263361850741
2020-12-03,30.638930347497723,30.638930347497723,30.638930347497723,30.638930347497723,30.638930347497723
2020-12-04,30.45112380705019,30.45112380705019,30.45112380705019,30.45112380705019,30.45112380705019
2020-12-05,29.105538607487997,29.105538607487997,29.105538607487997,29.105538607487997,29.105538607487997
2020-12-06,29.877120174190132,29.877120174190132,29.877120174190132,29.877120174190132,29.877120174190132
2020-12-07,29.306209693910496,29.306209693910496,29.306209693910496,29.306209693910496,29.306209693910496
2020-12-08,30.535994423804752,30.535994423804752,30.535994423804752,30.535994423804752,30.535994423804752
2020-12-09,29.964229165044685,29.964229165044685,29.964229165044685,29.964229165044685,29.964229165044685
2020-12-10,30.496371093809255,30.496371093809255,30.496371093809255,30.496371093809255,30.496371093809255
2020-12-11,30.577518401061127,30.577518401061127,30.577518401061127,30.577518401061127,30.577518401061127
2020-12-12,29.915356296293208,29.915356296293208,29.915356296293208,29.915356296293208,29.915356296293208
2020-12-13,30.024411947221175,30.024411947221175,30.024411947221175,30.024411947221175,30.024411947221175
2020-12-14,30.079610224401623,30.079610224401623,30.079610224401623,30.079610224401623,30.079610224401623
2020-12-15,29.37785535703316,29.37785535703316,29.37785535703316,29.37785535703316,29.37785535703316
2020-12-16,29.141461175451354,29.141461175451354,29.141461175451354,29.141461175451354,29.141461175451354
2020-12-17,28.47472557261946,28.47472557261946,28.47472557261946,28.47472557261946,28.47472557261946
2020-12-18,28.434668765431873,28.434668765431873,28.434668765431873,28.434668765431873,28.434668765431873
2020-12-19,28.482447577977144,28.482447577977144,28.482447577977144,28.482447577977144,28.482447577977144
2020-12-20,28.28646354859127,28.28646354859127,28.28646354859127,28.28646354859127,28.28646354859127
2020-12-21,28.425579402798967,28.425579402798967,28.425579402798967,28.425579402798967,28.425579402798967
2020-12-22,25.12541700786485,25.12541700786485,25.12541700786485,25.12541700786485,25.12541700786485
2020-12-23,24.65938330963582,24.65938330963582,24.65938330963582,24.65938330963582,24.65938330963582
2020-12-24,22.393877730770093,22.393877730770093,22.393877730770093,22.393877730770093,22.393877730770093
2020-12-25,23.711485929216284,23.711485929216284,23.711485929216284,23.711485929216284,23.711485929216284
2020-12-26,24.19868044306187,24.19868044306187,24.19868044306187,24.19868044306187,24.19868044306187
2020-12-27,23.607314166249015,23.607314166249015,23.607314166249015,23.607314166249015,23.607314166249015
2020-12-28,22.26786214815625,22.26786214815625,22.26786214815625,22.26786214815625,22.26786214815625
2020-12-29,22.016665488790053,22.016665488790053,22.016665488790053,22.016665488790053,22.016665488790053
2020-12-30,20.414291266609762,20.414291266609762,20.414291266609762,20.414291266609762,20.414291266609762
2020-12-31,21.667585858799086,21.667585858799086,21.667585858799086,21.667585858799086,21.667585858799086
2021-01-01,24.332649074568128,24.332649074568128,24.332649074568128,24.332649074568128,24.332649074568128
2021-01-02,22.26545151346079,22.26545151346079,22.26545151346079,22.26545151346079,22.26545151346079
2021-01-03,21.828358282862826,21.828358282862826,21.828358282862826,21.828358282862826,21.828358282862826
2021-01-04,21.577334586341465,21.577334586341465,21.577334586341465,21.577334586341465,21.577334586341465
2021-01-05,20.971516044607387,20.971516044607387,20.971516044607387,20.971516044607387,20.971516044607387
2021-01-06,21.637499704274394,21.637499704274394,21.637499704274394,21.637499704274394,21.637499704274394
2021-01-07,21.965644230617578,21.965644230617578,21.965644230617578,21.965644230617578,21.965644230617578
2021-01-08,22.141311677022408,22.141311677022408,22.141311677022408,22.141311677022408,22.141311677022408
2021-01-09,21.66795712491178,21.66795712491178,21.66795712491178,21.66795712491178,21.66795712491178
2021-01-10,22.236827441240354,22.236827441240354,22.236827441240354,22.236827441240354,22.236827441240354
2021-01-11,23.581049628823116,23.581049628823116,23.581049628823116,23.581049628823116,23.581049628823116
2021-01-12,21.570961445933612,21.570961445933612,21.570961445933612,21.570961445933612,21.570961445933612
2021-01-13,21.12715265139296,21.12715265139296,21.12715265139296,21.12715265139296,21.12715265139296
2021-01-14,21.719502249805913,21.719502249805913,21.719502249805913,21.719502249805913,21.719502249805913
2021-01-15,21.597018558280833,21.597018558280833,21.597018558280833,21.597018558280833,21.597018558280833
2021-01-16,21.557677015766576,21.557677015766576,21.557677015766576,21.557677015766576,21.557677015766576
2021-01-17,22.87440971406909,22.87440971406909,22.87440971406909,22.87440971406909,22.87440971406909
2021-01-18,24.28820869310656,24.28820869310656,24.28820869310656,24.28820869310656,24.28820869310656
2021-01-19,23.684633896638175,23.684633896638175,23.684633896638175,23.684633896638175,23.684633896638175
2021-01-20,22.677761060382128,22.677761060382128,22.677761060382128,22.677761060382128,22.677761060382128
2021-01-21,22.38911255715604,22.38911255715604,22.38911255715604,22.38911255715604,22.38911255715604
2021-01-22,21.25821713351011,21.25821713351011,21.25821713351011,21.25821713351011,21.25821713351011
2021-01-23,22.287890650908043,22.287890650908043,22.287890650908043,22.287890650908043,22.287890650908043
2021-01-24,22.689629447925178,22.689629447925178,22.689629447925178,22.689629447925178,22.689629447925178
2021-01-25,22.74403539205069,22.74403539205069,22.74403539205069,22.74403539205069,22.74403539205069
2021-01-26,22.437500087328758,22.437500087328758,22.437500087328758,22.437500087328758,22.437500087328758
2021-01-27,22.1925456760997,22.1925456760997,22.1925456760997,22.1925456760997,22.1925456760997
2021-01-28,21.48718769763265,21.48718769763265,21.48718769763265,21.48718769763265,21.48718769763265
2021-01-29,21.885404011298196,21.885404011298196,21.885404011298196,21.885404011298196,21.885404011298196
2021-01-30,22.257271685326735,22.257271685326735,22.257271685326735,22.257271685326735,22.257271685326735
2021-01-31,21.99998473077016,21.99998473077016,21.99998473077016,21.99998473077016,21.99998473077016
2021-02-01,22.227610787381238,22.227610787381238,22.227610787381238,22.227610787381238,22.227610787381238
2021-02-02,22.552385653557636,22.552385653557636,22.552385653557636,22.552385653557636,22.552385653557636
2021-02-03,22.47521042202928,22.47521042202928,22.47521042202928,22.47521042202928,22.47521042202928
2021-02-04,23.067601307987246,23.067601307987246,23.067601307987246,23.067601307987246,23.067601307987246
2021-02-05,22.921722085922223,22.921722085922223,22.921722085922223,22.921722085922223,22.921722085922223
2021-02-06,24.574468847793767,24.574468847793767,24.574468847793767,24.574468847793767,24.574468847793767
2021-02-07,24.278484379329623,24.278484379329623,24.278484379329623,24.278484379329623,24.278484379329623
2021-02-08,23.987391004351554,23.987391004351554,23.987391004351554,23.987391004351554,23.987391004351554
2021-02-09,27.70011077465989,27.70011077465989,27.70011077465989,27.70011077465989,27.70011077465989
2021-02-10,43.360374735209504,43.360374735209504,43.360374735209504,43.360374735209504,43.360374735209504
2021-02-11,39.83493112722619,39.83493112722619,39.83493112722619,39.83493112722619,39.83493112722619
2021-02-12,40.163738214799466,40.163738214799466,40.163738214799466,40.163738214799466,40.163738214799466
2021-02-13,42.629324755182715,42.629324755182715,42.629324755182715,42.629324755182715,42.629324755182715
2021-02-14,41.5804298049996,41.5804298049996,41.5804298049996,41.5804298049996,41.5804298049996
2021-02-15,47.48170031292962,47.48170031292962,47.48170031292962,47.48170031292962,47.48170031292962
2021-02-16,42.8214027742912,42.8214027742912,42.8214027742912,42.8214027742912,42.8214027742912
2021-02-17,41.94506319732091,41.94506319732091,41.94506319732091,41.94506319732091,41.94506319732091
2021-02-18,43.21343409213774,43.21343409213774,43.21343409213774,43.21343409213774,43.21343409213774
2021-02-19,43.474011615378686,43.474011615378686,43.474011615378686,43.474011615378686,43.474011615378686
2021-02-20,43.24926513227452,43.24926513227452,43.24926513227452,43.24926513227452,43.24926513227452
2021-02-21,43.51944064392642,43.51944064392642,43.51944064392642,43.51944064392642,43.51944064392642
2021-02-22,44.91251555408171,44.91251555408171,44.91251555408171,44.91251555408171,44.91251555408171
2021-02-23,39.67700609254747,39.67700609254747,39.67700609254747,39.67700609254747,39.67700609254747
2021-02-24,35.50615145088347,35.50615145088347,35.50615145088347,35.50615145088347,35.50615145088347
2021-02-25,36.63152164480715,36.63152164480715,36.63152164480715,36.63152164480715,36.63152164480715
2021-02-26,34.723303510322715,34.723303510322715,34.723303510322715,34.723303510322715,34.723303510322715
2021-02-27,35.26145187745781,35.26145187745781,35.26145187745781,35.26145187745781,35.26145187745781
2021-02-28,38.44666442315151,38.44666442315151,38.44666442315151,38.44666442315151,38.44666442315151
2021-03-01,35.91265634802496,35.91265634802496,35.91265634802496,35.91265634802496,35.91265634802496
2021-03-02,38.45901953115621,38.45901953115621,38.45901953115621,38.45901953115621,38.45901953115621
2021-03-03,38.31071118578107,38.31071118578107,38.31071118578107,38.31071118578107,38.31071118578107
2021-03-04,42.24686832392668,42.24686832392668,42.24686832392668,42.24686832392668,42.24686832392668
2021-03-05,41.00299829854112,41.00299829854112,41.00299829854112,41.00299829854112,41.00299829854112
2021-03-06,40.569393657904385,40.569393657904385,40.569393657904385,40.569393657904385,40.569393657904385
2021-03-07,40.53038646783962,40.53038646783962,40.53038646783962,40.53038646783962,40.53038646783962
2021-03-08,41.574836422593386,41.574836422593386,41.574836422593386,41.574836422593386,41.574836422593386
2021-03-09,41.57849166422764,41.57849166422764,41.57849166422764,41.57849166422764,41.57849166422764
2021-03-10,42.0611496697386,42.0611496697386,42.0611496697386,42.0611496697386,42.0611496697386
2021-03-11,42.56818443341396,42.56818443341396,42.56818443341396,42.56818443341396,42.56818443341396
2021-03-12,42.22443442112208,42.22443442112208,42.22443442112208,42.22443442112208,42.22443442112208
2021-03-13,44.00824268655271,44.00824268655271,44.00824268655271,44.00824268655271,44.00824268655271
2021-03-14,49.74767465540784,49.74767465540784,49.74767465540784,49.74767465540784,49.74767465540784
2021-03-15,54.55724867608124,54.55724867608124,54.55724867608124,54.55724867608124,54.55724867608124
2021-03-16,53.163914217227166,53.163914217227166,53.163914217227166,53.163914217227166,53.163914217227166
2021-03-17,62.65618987815652,62.65618987815652,62.65618987815652,62.65618987815652,62.65618987815652
2021-03-18,89.7038197748013,89.7038197748013,89.7038197748013,89.7038197748013,89.7038197748013
2021-03-19,79.57344979710611,79.57344979710611,79.57344979710611,79.57344979710611,79.57344979710611
2021-03-20,83.51011824696268,83.51011824696268,83.51011824696268,83.51011824696268,83.51011824696268
2021-03-21,82.60174109720681,82.60174109720681,82.60174109720681,82.60174109720681,82.60174109720681
2021-03-22,81.08354931270624,81.08354931270624,81.08354931270624,81.08354931270624,81.08354931270624
2021-03-23,76.58984400573706,76.58984400573706,76.58984400573706,76.58984400573706,76.58984400573706
2021-03-24,82.97062583001816,82.97062583001816,82.97062583001816,82.97062583001816,82.97062583001816
2021-03-25,86.01970880657534,86.01970880657534,86.01970880657534,86.01970880657534,86.01970880657534
2021-03-26,90.42028829079466,90.42028829079466,90.42028829079466,90.42028829079466,90.42028829079466
2021-03-27,125.38477689675958,125.38477689675958,125.38477689675958,125.38477689675958,125.38477689675958
2021-03-28,132.5487198812614,132.5487198812614,132.5487198812614,132.5487198812614,132.5487198812614
2021-03-29,125.42929797188496,125.42929797188496,125.42929797188496,125.42929797188496,125.42929797188496
2021-03-30,127.36068517777713,127.36068517777713,127.36068517777713,127.36068517777713,127.36068517777713
2021-03-31,149.8513526353999,149.8513526353999,149.8513526353999,149.8513526353999,149.8513526353999
2021-04-01,189.57559567550769,189.57559567550769,189.57559567550769,189.57559567550769,189.57559567550769
2021-04-02,187.61068852425478,187.61068852425478,187.61068852425478,187.61068852425478,187.61068852425478
2021-04-03,171.212119019583,171.212119019583,171.212119019583,171.212119019583,171.212119019583
2021-04-04,177.30164168198164,177.30164168198164,177.30164168198164,177.30164168198164,177.30164168198164
2021-04-05,183.20384178053837,183.20384178053837,183.20384178053837,183.20384178053837,183.20384178053837
2021-04-06,177.39217181754833,177.39217181754833,177.39217181754833,177.39217181754833,177.39217181754833
2021-04-07,165.83692357345282,165.83692357345282,165.83692357345282,165.83692357345282,165.83692357345282
2021-04-08,156.19389441878076,156.19389441878076,156.19389441878076,156.19389441878076,156.19389441878076
2021-04-09,154.7655246174137,154.7655246174137,154.7655246174137,154.7655246174137,154.7655246174137
2021-04-10,171.8788201612079,171.8788201612079,171.8788201612079,171.8788201612079,171.8788201612079
2021-04-11,174.47939711737936,174.47939711737936,174.47939711737936,174.47939711737936,174.47939711737936
2021-04-12,178.56448334799924,178.56448334799924,178.56448334799924,178.56448334799924,178.56448334799924
2021-04-13,168.34215139407414,168.34215139407414,168.34215139407414,168.34215139407414,168.34215139407414
2021-04-14,164.6144358731241,164.6144358731241,164.6144358731241,164.6144358731241,164.6144358731241
2021-04-15,167.72246537040698,167.72246537040698,167.72246537040698,167.72246537040698,167.72246537040698
2021-04-16,170.99401239581,170.99401239581,170.99401239581,170.99401239581,170.99401239581
2021-04-17,182.42572086682367,182.42572086682367,182.42572086682367,182.42572086682367,182.42572086682367
2021-04-18,180.8786084730564,180.8786084730564,180.8786084730564,180.8786084730564,180.8786084730564
2021-04-19,156.4875982758262,156.4875982758262,156.4875982758262,156.4875982758262,156.4875982758262
2021-04-20,154.36118150068245,154.36118150068245,154.36118150068245,154.36118150068245,154.36118150068245
2021-04-21,153.87534665124306,153.87534665124306,153.87534665124306,153.87534665124306,153.87534665124306
2021-04-22,149.08109494167246,149.08109494167246,149.08109494167246,149.08109494167246,149.08109494167246
2021-04-23,146.72972578426246,146.72972578426246,146.72972578426246,146.72972578426246,146.72972578426246
2021-04-24,139.32107562311128,139.32107562311128,139.32107562311128,139.32107562311128,139.32107562311128
2021-04-25,133.13976130127926,133.13976130127926,133.13976130127926,133.13976130127926,133.13976130127926
2021-04-26,133.8127447571609,133.8127447571609,133.8127447571609,133.8127447571609,133.8127447571609
2021-04-27,154.5603467686587,154.5603467686587,154.5603467686587,154.5603467686587,154.5603467686587
2021-04-28,151.65286111931212,151.65286111931212,151.65286111931212,151.65286111931212,151.65286111931212
2021-04-29,151.18941275138496,151.18941275138496,151.18941275138496,151.18941275138496,151.18941275138496
2021-04-30,149.71293049316535,149.71293049316535,149.71293049316535,149.71293049316535,149.71293049316535
2021-05-01,164.002165315884,164.002165315884,164.002165315884,164.002165315884,164.002165315884
2021-05-02,164.46245307147265,164.46245307147265,164.46245307147265,164.46245307147265,164.46245307147265
2021-05-03,162.80853303875858,162.80853303875858,162.80853303875858,162.80853303875858,162.80853303875858
2021-05-04,160.32884739701524,160.32884739701524,160.32884739701524,160.32884739701524,160.32884739701524
2021-05-05,139.5092254334999,139.5092254334999,139.5092254334999,139.5092254334999,139.5092254334999
2021-05-06,152.65330254867183,152.65330254867183,152.65330254867183,152.65330254867183,152.65330254867183
2021-05-07,153.35407439298365,153.35407439298365,153.35407439298365,153.35407439298365,153.35407439298365
2021-05-08,150.7227286168373,150.7227286168373,150.7227286168373,150.7227286168373,150.7227286168373
2021-05-09,148.13288217261825,148.13288217261825,148.13288217261825,148.13288217261825,148.13288217261825
2021-05-10,146.41737961892505,146.41737961892505,146.41737961892505,146.41737961892505,146.41737961892505
2021-05-11,135.56576866488683,135.56576866488683,135.56576866488683,135.56576866488683,135.56576866488683
2021-05-12,142.8645151172823,142.8645151172823,142.8645151172823,142.8645151172823,142.8645151172823
2021-05-13,128.65718007437877,128.65718007437877,128.65718007437877,128.65718007437877,128.65718007437877
2021-05-14,117.85955158185232,117.85955158185232,117.85955158185232,117.85955158185232,117.85955158185232
2021-05-15,120.05464195771502,120.05464195771502,120.05464195771502,120.05464195771502,120.05464195771502
2021-05-16,109.98090808969523,109.98090808969523,109.98090808969523,109.98090808969523,109.98090808969523
2021-05-17,107.82374037183945,107.82374037183945,107.82374037183945,107.82374037183945,107.82374037183945
2021-05-18,99.32354289976078,99.32354289976078,99.32354289976078,99.32354289976078,99.32354289976078
2021-05-19,100.580814016586,100.580814016586,100.580814016586,100.580814016586,100.580814016586
2021-05-20,65.99234017373182,65.99234017373182,65.99234017373182,65.99234017373182,65.99234017373182
2021-05-21,88.75826969586618,88.75826969586618,88.75826969586618,88.75826969586618,88.75826969586618
2021-05-22,76.77274550840157,76.77274550840157,76.77274550840157,76.77274550840157,76.77274550840157
2021-05-23,72.55451324560588,72.55451324560588,72.55451324560588,72.55451324560588,72.55451324560588
2021-05-24,65.29657469421109,65.29657469421109,65.29657469421109,65.29657469421109,65.29657469421109
2021-05-25,74.6764551011953,74.6764551011953,74.6764551011953,74.6764551011953,74.6764551011953
2021-05-26,71.36970330039522,71.36970330039522,71.36970330039522,71.36970330039522,71.36970330039522
2021-05-27,74.8261838707771,74.8261838707771,74.8261838707771,74.8261838707771,74.8261838707771
2021-05-28,71.26471142347394,71.26471142347394,71.26471142347394,71.26471142347394,71.26471142347394
2021-05-29,66.86171742792685,66.86171742792685,66.86171742792685,66.86171742792685,66.86171742792685
2021-05-30,68.53888281034632,68.53888281034632,68.53888281034632,68.53888281034632,68.53888281034632
2021-05-31,68.35883980088525,68.35883980088525,68.35883980088525,68.35883980088525,68.35883980088525
2021-06-01,72.64140466027168,72.64140466027168,72.64140466027168,72.64140466027168,72.64140466027168
2021-06-02,69.31768557039256,69.31768557039256,69.31768557039256,69.31768557039256,69.31768557039256
2021-06-03,70.1603557096299,70.1603557096299,70.1603557096299,70.1603557096299,70.1603557096299
2021-06-04,89.74422404590926,89.74422404590926,89.74422404590926,89.74422404590926,89.74422404590926
2021-06-05,88.1095151646125,88.1095151646125,88.1095151646125,88.1095151646125,88.1095151646125
2021-06-06,88.356166691574,88.356166691574,88.356166691574,88.356166691574,88.356166691574
2021-06-07,86.77675203191241,86.77675203191241,86.77675203191241,86.77675203191241,86.77675203191241
2021-06-08,81.12688387907917,81.12688387907917,81.12688387907917,81.12688387907917,81.12688387907917
2021-06-09,76.21992424923837,76.21992424923837,76.21992424923837,76.21992424923837,76.21992424923837
2021-06-10,77.71716425232813,77.71716425232813,77.71716425232813,77.71716425232813,77.71716425232813
2021-06-11,73.84675642207812,73.84675642207812,73.84675642207812,73.84675642207812,73.84675642207812
2021-06-12,70.83199533161375,70.83199533161375,70.83199533161375,70.83199533161375,70.83199533161375
2021-06-13,69.79179711787269,69.79179711787269,69.79179711787269,69.79179711787269,69.79179711787269
2021-06-14,73.5624431995955,73.5624431995955,73.5624431995955,73.5624431995955,73.5624431995955
2021-06-15,75.18282575676194,75.18282575676194,75.18282575676194,75.18282575676194,75.18282575676194
2021-06-16,72.96579312720303,72.96579312720303,72.96579312720303,72.96579312720303,72.96579312720303
2021-06-17,69.38978912487848,69.38978912487848,69.38978912487848,69.38978912487848,69.38978912487848
2021-06-18,69.08801974328946,69.08801974328946,69.08801974328946,69.08801974328946,69.08801974328946
2021-06-19,65.53997791524436,65.53997791524436,65.53997791524436,65.53997791524436,65.53997791524436
2021-06-20,65.03350972332092,65.03350972332092,65.03350972332092,65.03350972332092,65.03350972332092
2021-06-21,63.31511903985232,63.31511903985232,63.31511903985232,63.31511903985232,63.31511903985232
2021-06-22,46.198622722630546,46.198622722630546,46.198622722630546,46.198622722630546,46.198622722630546
2021-06-23,49.16269056501052,49.16269056501052,49.16269056501052,49.16269056501052,49.16269056501052
2021-06-24,58.41520431506102,58.41520431506102,58.41520431506102,58.41520431506102,58.41520431506102
2021-06-25,57.21751018154989,57.21751018154989,57.21751018154989,57.21751018154989,57.21751018154989
2021-06-26,52.73187047290102,52.73187047290102,52.73187047290102,52.73187047290102,52.73187047290102
2021-06-27,52.79599433833484,52.79599433833484,52.79599433833484,52.79599433833484,52.79599433833484
2021-06-28,56.181159133969444,56.181159133969444,56.181159133969444,56.181159133969444,56.181159133969444
2021-06-29,56.50724998310845,56.50724998310845,56.50724998310845,56.50724998310845,56.50724998310845
2021-06-30,64.51667774951359,64.51667774951359,64.51667774951359,64.51667774951359,64.51667774951359
2021-07-01,60.54281280948271,60.54281280948271,60.54281280948271,60.54281280948271,60.54281280948271
2021-07-02,57.15513420122446,57.15513420122446,57.15513420122446,57.15513420122446,57.15513420122446
2021-07-03,57.43169347325879,57.43169347325879,57.43169347325879,57.43169347325879,57.43169347325879
2021-07-04,58.78914389412504,58.78914389412504,58.78914389412504,58.78914389412504,58.78914389412504
2021-07-05,59.12785071939858,59.12785071939858,59.12785071939858,59.12785071939858,59.12785071939858
2021-07-06,56.430792096449224,56.430792096449224,56.430792096449224,56.430792096449224,56.430792096449224
2021-07-07,56.892695206156596,56.892695206156596,56.892695206156596,56.892695206156596,56.892695206156596
2021-07-08,56.54576219303808,56.54576219303808,56.54576219303808,56.54576219303808,56.54576219303808
2021-07-09,54.07406418320355,54.07406418320355,54.07406418320355,54.07406418320355,54.07406418320355
2021-07-10,55.47389964511535,55.47389964511535,55.47389964511535,55.47389964511535,55.47389964511535
2021-07-11,54.49825472957034,54.49825472957034,54.49825472957034,54.49825472957034,54.49825472957034
2021-07-12,55.21172482038976,55.21172482038976,55.21172482038976,55.21172482038976,55.21172482038976
2021-07-13,52.73019975248067,52.73019975248067,52.73019975248067,52.73019975248067,52.73019975248067
2021-07-14,50.84933783108905,50.84933783108905,50.84933783108905,50.84933783108905,50.84933783108905
2021-07-15,49.76196436212528,49.76196436212528,49.76196436212528,49.76196436212528,49.76196436212528
2021-07-16,47.0851349115758,47.0851349115758,47.0851349115758,47.0851349115758,47.0851349115758
2021-07-17,45.86485046267694,45.86485046267694,45.86485046267694,45.86485046267694,45.86485046267694
2021-07-18,45.62282643831851,45.62282643831851,45.62282643831851,45.62282643831851,45.62282643831851
2021-07-19,47.162176842579036,47.162176842579036,47.162176842579036,47.162176842579036,47.162176842579036
2021-07-20,45.11943678112674,45.11943678112674,45.11943678112674,45.11943678112674,45.11943678112674
2021-07-21,41.544852299878755,41.544852299878755,41.544852299878755,41.544852299878755,41.544852299878755
2021-07-22,46.51458927006397,46.51458927006397,46.51458927006397,46.51458927006397,46.51458927006397
2021-07-23,45.66049204923856,45.66049204923856,45.66049204923856,45.66049204923856,45.66049204923856
2021-07-24,47.324846715968086,47.324846715968086,47.324846715968086,47.324846715968086,47.324846715968086
2021-07-25,49.46126842248849,49.46126842248849,49.46126842248849,49.46126842248849,49.46126842248849
2021-07-26,49.34025345467773,49.34025345467773,49.34025345467773,49.34025345467773,49.34025345467773
2021-07-27,48.92252423469737,48.92252423469737,48.92252423469737,48.92252423469737,48.92252423469737
2021-07-28,49.45364079274216,49.45364079274216,49.45364079274216,49.45364079274216,49.45364079274216
2021-07-29,49.4628328473667,49.4628328473667,49.4628328473667,49.4628328473667,49.4628328473667
2021-07-30,49.335536820020295,49.335536820020295,49.335536820020295,49.335536820020295,49.335536820020295
2021-07-31,51.28884076942562,51.28884076942562,51.28884076942562,51.28884076942562,51.28884076942562
2021-08-01,52.26366442143525,52.26366442143525,52.26366442143525,52.26366442143525,52.26366442143525
2021-08-02,53.804755031412036,53.804755031412036,53.804755031412036,53.804755031412036,53.804755031412036
2021-08-03,54.678741731839864,54.678741731839864,54.678741731839864,54.678741731839864,54.678741731839864
2021-08-04,54.485791667816656,54.485791667816656,54.485791667816656,54.485791667816656,54.485791667816656
2021-08-05,56.493397850512196,56.493397850512196,56.493397850512196,56.493397850512196,56.493397850512196
2021-08-06,57.755845102837746,57.755845102837746,57.755845102837746,57.755845102837746,57.755845102837746
2021-08-07,64.39096541791179,64.39096541791179,64.39096541791179,64.39096541791179,64.39096541791179
2021-08-08,69.69600568335336,69.69600568335336,69.69600568335336,69.69600568335336,69.69600568335336
2021-08-09,64.3023132389341,64.3023132389341,64.3023132389341,64.3023132389341,64.3023132389341
2021-08-10,67.67886449980233,67.67886449980233,67.67886449980233,67.67886449980233,67.67886449980233
2021-08-11,66.7310230981961,66.7310230981961,66.7310230981961,66.7310230981961,66.7310230981961
2021-08-12,72.24579162821658,72.24579162821658,72.24579162821658,72.24579162821658,72.24579162821658
2021-08-13,68.41539641370026,68.41539641370026,68.41539641370026,68.41539641370026,68.41539641370026
2021-08-14,74.60970265322342,74.60970265322342,74.60970265322342,74.60970265322342,74.60970265322342
2021-08-15,72.51706365298797,72.51706365298797,72.51706365298797,72.51706365298797,72.51706365298797
2021-08-16,73.15791241271135,73.15791241271135,73.15791241271135,73.15791241271135,73.15791241271135
2021-08-17,73.40143829923309,73.40143829923309,73.40143829923309,73.40143829923309,73.40143829923309
2021-08-18,69.41847000742113,69.41847000742113,69.41847000742113,69.41847000742113,69.41847000742113
2021-08-19,67.97819500140253,67.97819500140253,67.97819500140253,67.97819500140253,67.97819500140253
2021-08-20,69.85623986978511,69.85623986978511,69.85623986978511,69.85623986978511,69.85623986978511
2021-08-21,73.03504593331157,73.03504593331157,73.03504593331157,73.03504593331157,73.03504593331157
2021-08-22,77.99802785034932,77.99802785034932,77.99802785034932,77.99802785034932,77.99802785034932
2021-08-23,77.41026569936272,77.41026569936272,77.41026569936272,77.41026569936272,77.41026569936272
2021-08-24,79.88798605566929,79.88798605566929,79.88798605566929,79.88798605566929,79.88798605566929
2021-08-25,74.87982046272728,74.87982046272728,74.87982046272728,74.87982046272728,74.87982046272728
2021-08-26,76.87780877379467,76.87780877379467,76.87780877379467,76.87780877379467,76.87780877379467
2021-08-27,73.12303991412297,73.12303991412297,73.12303991412297,73.12303991412297,73.12303991412297
2021-08-28,75.0756490802686,75.0756490802686,75.0756490802686,75.0756490802686,75.0756490802686
2021-08-29,73.98368937533434,73.98368937533434,73.98368937533434,73.98368937533434,73.98368937533434
2021-08-30,73.80853923644948,73.80853923644948,73.80853923644948,73.80853923644948,73.80853923644948
2021-08-31,71.40620834451222,71.40620834451222,71.40620834451222,71.40620834451222,71.40620834451222
2021-09-01,75.99414365384281,75.99414365384281,75.99414365384281,75.99414365384281,75.99414365384281
2021-09-02,78.64502423193608,78.64502423193608,78.64502423193608,78.64502423193608,78.64502423193608
2021-09-03,77.53459245372021,77.53459245372021,77.53459245372021,77.53459245372021,77.53459245372021
2021-09-04,77.67714347580703,77.67714347580703,77.67714347580703,77.67714347580703,77.67714347580703
2021-09-05,94.99748276870548,94.99748276870548,94.99748276870548,94.99748276870548,94.99748276870548
2021-09-06,113.62759390542459,113.62759390542459,113.62759390542459,113.62759390542459,113.62759390542459
2021-09-07,106.56970982768324,106.56970982768324,106.56970982768324,106.56970982768324,106.56970982768324
2021-09-08,84.3423917648435,84.3423917648435,84.3423917648435,84.3423917648435,84.3423917648435
2021-09-09,88.13162466295371,88.13162466295371,88.13162466295371,88.13162466295371,88.13162466295371
2021-09-10,88.52502080130377,88.52502080130377,88.52502080130377,88.52502080130377,88.52502080130377
2021-09-11,82.46877859664346,82.46877859664346,82.46877859664346,82.46877859664346,82.46877859664346
2021-09-12,81.72852347645389,81.72852347645389,81.72852347645389,81.72852347645389,81.72852347645389
2021-09-13,83.93953190842738,83.93953190842738,83.93953190842738,83.93953190842738,83.93953190842738
2021-09-14,78.71287386044153,78.71287386044153,78.71287386044153,78.71287386044153,78.71287386044153
2021-09-15,80.72632300334507,80.72632300334507,80.72632300334507,80.72632300334507,80.72632300334507
2021-09-16,86.26780138217958,86.26780138217958,86.26780138217958,86.26780138217958,86.26780138217958
2021-09-17,84.49044438815257,84.49044438815257,84.49044438815257,84.49044438815257,84.49044438815257
2021-09-18,85.86288993321368,85.86288993321368,85.86288993321368,85.86288993321368,85.86288993321368
2021-09-19,84.37628053802815,84.37628053802815,84.37628053802815,84.37628053802815,84.37628053802815
2021-09-20,83.61463313651639,83.61463313651639,83.61463313651639,83.61463313651639,83.61463313651639
2021-09-21,74.62840745608251,74.62840745608251,74.62840745608251,74.62840745608251,74.62840745608251
2021-09-22,68.98353975003072,68.98353975003072,68.98353975003072,68.98353975003072,68.98353975003072
2021-09-23,74.4222883457614,74.4222883457614,74.4222883457614,74.4222883457614,74.4222883457614
2021-09-24,74.5731845819523,74.5731845819523,74.5731845819523,74.5731845819523,74.5731845819523
2021-09-25,63.18321284453408,63.18321284453408,63.18321284453408,63.18321284453408,63.18321284453408
2021-09-26,60.677289474211456,60.677289474211456,60.677289474211456,60.677289474211456,60.677289474211456
2021-09-27,55.85397805520586,55.85397805520586,55.85397805520586,55.85397805520586,55.85397805520586
2021-09-28,59.19515990159867,59.19515990159867,59.19515990159867,59.19515990159867,59.19515990159867
2021-09-29,55.470771228238284,55.470771228238284,55.470771228238284,55.470771228238284,55.470771228238284
2021-09-30,57.21231548232069,57.21231548232069,57.21231548232069,57.21231548232069,57.21231548232069
2021-10-01,60.1105916799632,60.1105916799632,60.1105916799632,60.1105916799632,60.1105916799632
2021-10-02,71.7633496119577,71.7633496119577,71.7633496119577,71.7633496119577,71.7633496119577
2021-10-03,69.98564136395393,69.98564136395393,69.98564136395393,69.98564136395393,69.98564136395393
2021-10-04,69.1471256795071,69.1471256795071,69.1471256795071,69.1471256795071,69.1471256795071
2021-10-05,69.58588362211255,69.58588362211255,69.58588362211255,69.58588362211255,69.58588362211255
2021-10-06,71.16143841511058,71.16143841511058,71.16143841511058,71.16143841511058,71.16143841511058
2021-10-07,72.1748322076592,72.1748322076592,72.1748322076592,72.1748322076592,72.1748322076592
2021-10-08,71.64136145229904,71.64136145229904,71.64136145229904,71.64136145229904,71.64136145229904
2021-10-09,79.50283707623397,79.50283707623397,79.50283707623397,79.50283707623397,79.50283707623397
2021-10-10,76.70708470158992,76.70708470158992,76.70708470158992,76.70708470158992,76.70708470158992
2021-10-11,69.75504342146758,69.75504342146758,69.75504342146758,69.75504342146758,69.75504342146758
2021-10-12,73.43002784099654,73.43002784099654,73.43002784099654,73.43002784099654,73.43002784099654
2021-10-13,69.41198868793764,69.41198868793764,69.41198868793764,69.41198868793764,69.41198868793764
2021-10-14,68.3611317538026,68.3611317538026,68.3611317538026,68.3611317538026,68.3611317538026
2021-10-15,70.26730400388496,70.26730400388496,70.26730400388496,70.26730400388496,70.26730400388496
2021-10-16,67.52517392275035,67.52517392275035,67.52517392275035,67.52517392275035,67.52517392275035
2021-10-17,66.79858015610353,66.79858015610353,66.79858015610353,66.79858015610353,66.79858015610353
2021-10-18,63.419936594800696,63.419936594800696,63.419936594800696,63.419936594800696,63.419936594800696
2021-10-19,63.268914552874044,63.268914552874044,63.268914552874044,63.268914552874044,63.268914552874044
2021-10-20,63.20130335166689,63.20130335166689,63.20130335166689,63.20130335166689,63.20130335166689
2021-10-21,67.13461804424196,67.13461804424196,67.13461804424196,67.13461804424196,67.13461804424196
2021-10-22,63.79722113362592,63.79722113362592,63.79722113362592,63.79722113362592,63.79722113362592
2021-10-23,66.25805626582269,66.25805626582269,66.25805626582269,66.25805626582269,66.25805626582269
2021-10-24,65.21258055690477,65.21258055690477,65.21258055690477,65.21258055690477,65.21258055690477
2021-10-25,62.827983056412954,62.827983056412954,62.827983056412954,62.827983056412954,62.827983056412954
2021-10-26,64.22800290232348,64.22800290232348,64.22800290232348,64.22800290232348,64.22800290232348
2021-10-27,62.97657561956524,62.97657561956524,62.97657561956524,62.97657561956524,62.97657561956524
2021-10-28,55.436525335366795,55.436525335366795,55.436525335366795,55.436525335366795,55.436525335366795
2021-10-29,58.20002158091034,58.20002158091034,58.20002158091034,58.20002158091034,58.20002158091034
2021-10-30,59.988182589299285,59.988182589299285,59.988182589299285,59.988182589299285,59.988182589299285
2021-10-31,59.954973203399085,59.954973203399085,59.954973203399085,59.954973203399085,59.954973203399085
2021-11-01,64.5401288285198,64.5401288285198,64.5401288285198,64.5401288285198,64.5401288285198
2021-11-02,64.00612892121688,64.00612892121688,64.00612892121688,64.00612892121688,64.00612892121688
2021-11-03,64.8108968720689,64.8108968720689,64.8108968720689,64.8108968720689,64.8108968720689
2021-11-04,64.14162442639302,64.14162442639302,64.14162442639302,64.14162442639302,64.14162442639302
2021-11-05,62.73774063234559,62.73774063234559,62.73774063234559,62.73774063234559,62.73774063234559
2021-11-06,63.781773631098666,63.781773631098666,63.781773631098666,63.781773631098666,63.781773631098666
2021-11-07,62.069238458683394,62.069238458683394,62.069238458683394,62.069238458683394,62.069238458683394
2021-11-08,62.79938937586535,62.79938937586535,62.79938937586535,62.79938937586535,62.79938937586535
2021-11-09,64.50686610640885,64.50686610640885,64.50686610640885,64.50686610640885,64.50686610640885
2021-11-10,66.85835270466372,66.85835270466372,66.85835270466372,66.85835270466372,66.85835270466372
2021-11-11,63.71362478906733,63.71362478906733,63.71362478906733,63.71362478906733,63.71362478906733
2021-11-12,63.02927863501618,63.02927863501618,63.02927863501618,63.02927863501618,63.02927863501618
2021-11-13,63.14334956611448,63.14334956611448,63.14334956611448,63.14334956611448,63.14334956611448
2021-11-14,63.16470879542413,63.16470879542413,63.16470879542413,63.16470879542413,63.16470879542413
2021-11-15,62.96491497008288,62.96491497008288,62.96491497008288,62.96491497008288,62.96491497008288
2021-11-16,61.148812971297815,61.148812971297815,61.148812971297815,61.148812971297815,61.148812971297815
2021-11-17,56.47316391784054,56.47316391784054,56.47316391784054,56.47316391784054,56.47316391784054
2021-11-18,56.345181896614584,56.345181896614584,56.345181896614584,56.345181896614584,56.345181896614584
2021-11-19,51.786285687439886,51.786285687439886,51.786285687439886,51.786285687439886,51.786285687439886
2021-11-20,54.0735756694293,54.0735756694293,54.0735756694293,54.0735756694293,54.0735756694293
2021-11-21,54.66678141135879,54.66678141135879,54.66678141135879,54.66678141135879,54.66678141135879
2021-11-22,53.54969620865109,53.54969620865109,53.54969620865109,53.54969620865109,53.54969620865109
2021-11-23,51.828193538806175,51.828193538806175,51.828193538806175,51.828193538806175,51.828193538806175
2021-11-24,51.78972128624839,51.78972128624839,51.78972128624839,51.78972128624839,51.78972128624839
2021-11-25,50.37775622114825,50.37775622114825,50.37775622114825,50.37775622114825,50.37775622114825
2021-11-26,55.29684969155326,55.29684969155326,55.29684969155326,55.29684969155326,55.29684969155326
2021-11-27,52.62520581323685,52.62520581323685,52.62520581323685,52.62520581323685,52.62520581323685
2021-11-28,57.31405679675341,57.31405679675341,57.31405679675341,57.31405679675341,57.31405679675341
2021-11-29,56.425635884315405,56.425635884315405,56.425635884315405,56.425635884315405,56.425635884315405
2021-11-30,54.857073936659724,54.857073936659724,54.857073936659724,54.857073936659724,54.857073936659724
2021-12-01,53.68772747232309,53.68772747232309,53.68772747232309,53.68772747232309,53.68772747232309
2021-12-02,54.40627993686102,54.40627993686102,54.40627993686102,54.40627993686102,54.40627993686102
2021-12-03,53.68305979306721,53.68305979306721,53.68305979306721,53.68305979306721,53.68305979306721
2021-12-04,49.74553633556802,49.74553633556802,49.74553633556802,49.74553633556802,49.74553633556802
2021-12-05,40.93535358816292,40.93535358816292,40.93535358816292,40.93535358816292,40.93535358816292
2021-12-06,39.08147033392349,39.08147033392349,39.08147033392349,39.08147033392349,39.08147033392349
2021-12-07,38.75224661793949,38.75224661793949,38.75224661793949,38.75224661793949,38.75224661793949
2021-12-08,39.162443679613055,39.162443679613055,39.162443679613055,39.162443679613055,39.162443679613055
2021-12-09,41.42367736772804,41.42367736772804,41.42367736772804,41.42367736772804,41.42367736772804
2021-12-10,37.60172517735629,37.60172517735629,37.60172517735629,37.60172517735629,37.60172517735629
2021-12-11,40.220117961344734,40.220117961344734,40.220117961344734,40.220117961344734,40.220117961344734
2021-12-12,40.281488238031145,40.281488238031145,40.281488238031145,40.281488238031145,40.281488238031145
2021-12-13,39.82527518494923,39.82527518494923,39.82527518494923,39.82527518494923,39.82527518494923
2021-12-14,35.90550243900128,35.90550243900128,35.90550243900128,35.90550243900128,35.90550243900128
2021-12-15,36.675664119437364,36.675664119437364,36.675664119437364,36.675664119437364,36.675664119437364
2021-12-16,38.22731832086255,38.22731832086255,38.22731832086255,38.22731832086255,38.22731832086255
2021-12-17,37.16626320199462,37.16626320199462,37.16626320199462,37.16626320199462,37.16626320199462
2021-12-18,35.712840004370264,35.712840004370264,35.712840004370264,35.712840004370264,35.712840004370264
2021-12-19,36.292625873879,36.292625873879,36.292625873879,36.292625873879,36.292625873879
2021-12-20,35.76040258428095,35.76040258428095,35.76040258428095,35.76040258428095,35.76040258428095
2021-12-21,34.90754844247923,34.90754844247923,34.90754844247923,34.90754844247923,34.90754844247923
2021-12-22,35.36658684697264,35.36658684697264,35.36658684697264,35.36658684697264,35.36658684697264
2021-12-23,35.69366904226607,35.69366904226607,35.69366904226607,35.69366904226607,35.69366904226607
2021-12-24,37.47578281237537,37.47578281237537,37.47578281237537,37.47578281237537,37.47578281237537
2021-12-25,36.42301281868787,36.42301281868787,36.42301281868787,36.42301281868787,36.42301281868787
2021-12-26,37.082641597021826,37.082641597021826,37.082641597021826,37.082641597021826,37.082641597021826
2021-12-27,37.17956192389591,37.17956192389591,37.17956192389591,37.17956192389591,37.17956192389591
2021-12-28,39.18338795724403,39.18338795724403,39.18338795724403,39.18338795724403,39.18338795724403
2021-12-29,36.306418131203955,36.306418131203955,36.306418131203955,36.306418131203955,36.306418131203955
2021-12-30,34.24363830939812,34.24363830939812,34.24363830939812,34.24363830939812,34.24363830939812
2021-12-31,34.8996167407994,34.8996167407994,34.8996167407994,34.8996167407994,34.8996167407994
2022-01-01,34.38733032783902,34.38733032783902,34.38733032783902,34.38733032783902,34.38733032783902
2022-01-02,36.01532114724631,36.01532114724631,36.01532114724631,36.01532114724631,36.01532114724631
2022-01-03,35.81733512009057,35.81733512009057,35.81733512009057,35.81733512009057,35.81733512009057
2022-01-04,35.02749086803488,35.02749086803488,35.02749086803488,35.02749086803488,35.02749086803488
2022-01-05,36.37876929841391,36.37876929841391,36.37876929841391,36.37876929841391,36.37876929841391
2022-01-06,33.34383051874047,33.34383051874047,33.34383051874047,33.34383051874047,33.34383051874047
2022-01-07,33.04197541975071,33.04197541975071,33.04197541975071,33.04197541975071,33.04197541975071
2022-01-08,31.528674115104632,31.528674115104632,31.528674115104632,31.528674115104632,31.528674115104632
2022-01-09,29.39287988677668,29.39287988677668,29.39287988677668,29.39287988677668,29.39287988677668
2022-01-10,30.281232191528506,30.281232191528506,30.281232191528506,30.281232191528506,30.281232191528506
2022-01-11,28.17408484693864,28.17408484693864,28.17408484693864,28.17408484693864,28.17408484693864
2022-01-12,28.913400425572682,28.913400425572682,28.913400425572682,28.913400425572682,28.913400425572682
2022-01-13,30.78689061737466,30.78689061737466,30.78689061737466,30.78689061737466,30.78689061737466
2022-01-14,28.67217522010667,28.67217522010667,28.67217522010667,28.67217522010667,28.67217522010667
2022-01-15,29.7689770164224,29.7689770164224,29.7689770164224,29.7689770164224,29.7689770164224
2022-01-16,29.794797685434443,29.794797685434443,29.794797685434443,29.794797685434443,29.794797685434443
2022-01-17,30.448293669238026,30.448293669238026,30.448293669238026,30.448293669238026,30.448293669238026
2022-01-18,29.068978140257784,29.068978140257784,29.068978140257784,29.068978140257784,29.068978140257784
2022-01-19,28.534624318712545,28.534624318712545,28.534624318712545,28.534624318712545,28.534624318712545
2022-01-20,27.647176883835655,27.647176883835655,27.647176883835655,27.647176883835655,27.647176883835655
2022-01-21,26.17597882957822,26.17597882957822,26.17597882957822,26.17597882957822,26.17597882957822
2022-01-22,21.840905332389916,21.840905332389916,21.840905332389916,21.840905332389916,21.840905332389916
2022-01-23,18.97129084451815,18.97129084451815,18.97129084451815,18.97129084451815,18.97129084451815
2022-01-24,19.455170694221863,19.455170694221863,19.455170694221863,19.455170694221863,19.455170694221863
2022-01-25,18.452639750253528,18.452639750253528,18.452639750253528,18.452639750253528,18.452639750253528
2022-01-26,18.185571046433903,18.185571046433903,18.185571046433903,18.185571046433903,18.185571046433903
2022-01-27,19.35462440235394,19.35462440235394,19.35462440235394,19.35462440235394,19.35462440235394
2022-01-28,19.2642045994814,19.2642045994814,19.2642045994814,19.2642045994814,19.2642045994814
2022-01-29,19.65440740262158,19.65440740262158,19.65440740262158,19.65440740262158,19.65440740262158
2022-01-30,20.28334820972117,20.28334820972117,20.28334820972117,20.28334820972117,20.28334820972117
2022-01-31,19.874204192818745,19.874204192818745,19.874204192818745,19.874204192818745,19.874204192818745
2022-02-01,21.335971763887333,21.335971763887333,21.335971763887333,21.335971763887333,21.335971763887333
2022-02-02,20.950915737129986,20.950915737129986,20.950915737129986,20.950915737129986,20.950915737129986
2022-02-03,20.215864056462657,20.215864056462657,20.215864056462657,20.215864056462657,20.215864056462657
2022-02-04,20.33039814502413,20.33039814502413,20.33039814502413,20.33039814502413,20.33039814502413
2022-02-05,21.63103293356232,21.63103293356232,21.63103293356232,21.63103293356232,21.63103293356232
2022-02-06,22.080081326477845,22.080081326477845,22.080081326477845,22.080081326477845,22.080081326477845
2022-02-07,22.47714434827332,22.47714434827332,22.47714434827332,22.47714434827332,22.47714434827332
2022-02-08,24.44086960273112,24.44086960273112,24.44086960273112,24.44086960273112,24.44086960273112
2022-02-09,24.636950240220912,24.636950240220912,24.636950240220912,24.636950240220912,24.636950240220912
2022-02-10,24.31146021430516,24.31146021430516,24.31146021430516,24.31146021430516,24.31146021430516
2022-02-11,23.201937046738262,23.201937046738262,23.201937046738262,23.201937046738262,23.201937046738262
2022-02-12,21.03320422279674,21.03320422279674,21.03320422279674,21.03320422279674,21.03320422279674
2022-02-13,20.81133985112173,20.81133985112173,20.81133985112173,20.81133985112173,20.81133985112173
2022-02-14,20.672630891783346,20.672630891783346,20.672630891783346,20.672630891783346,20.672630891783346
2022-02-15,20.73949534079597,20.73949534079597,20.73949534079597,20.73949534079597,20.73949534079597
2022-02-16,22.341526186177795,22.341526186177795,22.341526186177795,22.341526186177795,22.341526186177795
2022-02-17,23.108153369875097,23.108153369875097,23.108153369875097,23.108153369875097,23.108153369875097
2022-02-18,20.506548905187255,20.506548905187255,20.506548905187255,20.506548905187255,20.506548905187255
2022-02-19,21.09033593671938,21.09033593671938,21.09033593671938,21.09033593671938,21.09033593671938
2022-02-20,20.909838432155002,20.909838432155002,20.909838432155002,20.909838432155002,20.909838432155002
2022-02-21,19.87795830013017,19.87795830013017,19.87795830013017,19.87795830013017,19.87795830013017
2022-02-22,18.632282672265813,18.632282672265813,18.632282672265813,18.632282672265813,18.632282672265813
2022-02-23,19.182002410830663,19.182002410830663,19.182002410830663,19.182002410830663,19.182002410830663
2022-02-24,18.52742879147973,18.52742879147973,18.52742879147973,18.52742879147973,18.52742879147973
2022-02-25,18.45243357032299,18.45243357032299,18.45243357032299,18.45243357032299,18.45243357032299
2022-02-26,18.97863999681596,18.97863999681596,18.97863999681596,18.97863999681596,18.97863999681596
2022-02-27,19.103711241966238,19.103711241966238,19.103711241966238,19.103711241966238,19.103711241966238
2022-02-28,20.390409610568216,20.390409610568216,20.390409610568216,20.390409610568216,20.390409610568216
2022-03-01,21.661405556459098,21.661405556459098,21.661405556459098,21.661405556459098,21.661405556459098
2022-03-02,20.89545705314116,20.89545705314116,20.89545705314116,20.89545705314116,20.89545705314116
2022-03-03,20.675663770054836,20.675663770054836,20.675663770054836,20.675663770054836,20.675663770054836
2022-03-04,20.200487063994956,20.200487063994956,20.200487063994956,20.200487063994956,20.200487063994956
2022-03-05,18.80347914208336,18.80347914208336,18.80347914208336,18.80347914208336,18.80347914208336
2022-03-06,19.148790478540892,19.148790478540892,19.148790478540892,19.148790478540892,19.148790478540892
2022-03-07,18.43337074078297,18.43337074078297,18.43337074078297,18.43337074078297,18.43337074078297
2022-03-08,17.871599064859044,17.871599064859044,17.871599064859044,17.871599064859044,17.871599064859044
2022-03-09,18.00838153347517,18.00838153347517,18.00838153347517,18.00838153347517,18.00838153347517
2022-03-10,18.829554737204443,18.829554737204443,18.829554737204443,18.829554737204443,18.829554737204443
2022-03-11,17.892037441237843,17.892037441237843,17.892037441237843,17.892037441237843,17.892037441237843
2022-03-12,17.39977436825595,17.39977436825595,17.39977436825595,17.39977436825595,17.39977436825595
2022-03-13,17.747460869489164,17.747460869489164,17.747460869489164,17.747460869489164,17.747460869489164
2022-03-14,17.252263746578755,17.252263746578755,17.252263746578755,17.252263746578755,17.252263746578755
2022-03-15,17.442551281518238,17.442551281518238,17.442551281518238,17.442551281518238,17.442551281518238
2022-03-16,16.866764913140955,16.866764913140955,16.866764913140955,16.866764913140955,16.866764913140955
2022-03-17,17.428018951480723,17.428018951480723,17.428018951480723,17.428018951480723,17.428018951480723
2022-03-18,17.462934838162806,17.462934838162806,17.462934838162806,17.462934838162806,17.462934838162806
2022-03-19,17.632375963506753,17.632375963506753,17.632375963506753,17.632375963506753,17.632375963506753
2022-03-20,18.14246704841526,18.14246704841526,18.14246704841526,18.14246704841526,18.14246704841526
2022-03-21,17.632155406067323,17.632155406067323,17.632155406067323,17.632155406067323,17.632155406067323
2022-03-22,17.83433357954045,17.83433357954045,17.83433357954045,17.83433357954045,17.83433357954045
2022-03-23,18.286622693302345,18.286622693302345,18.286622693302345,18.286622693302345,18.286622693302345
2022-03-24,19.333449134220626,19.333449134220626,19.333449134220626,19.333449134220626,19.333449134220626
2022-03-25,19.557397751684412,19.557397751684412,19.557397751684412,19.557397751684412,19.557397751684412
2022-03-26,18.846036443538182,18.846036443538182,18.846036443538182,18.846036443538182,18.846036443538182
2022-03-27,19.39258258430786,19.39258258430786,19.39258258430786,19.39258258430786,19.39258258430786
2022-03-28,23.699519926815988,23.699519926815988,23.699519926815988,23.699519926815988,23.699519926815988
2022-03-29,24.972045729196168,24.972045729196168,24.972045729196168,24.972045729196168,24.972045729196168
2022-03-30,26.414292377404543,26.414292377404543,26.414292377404543,26.414292377404543,26.414292377404543
2022-03-31,25.984204462219438,25.984204462219438,25.984204462219438,25.984204462219438,25.984204462219438
2022-04-01,24.216432290480903,24.216432290480903,24.216432290480903,24.216432290480903,24.216432290480903
2022-04-02,25.489470111019212,25.489470111019212,25.489470111019212,25.489470111019212,25.489470111019212
2022-04-03,23.883073541646866,23.883073541646866,23.883073541646866,23.883073541646866,23.883073541646866
2022-04-04,25.445242658159703,25.445242658159703,25.445242658159703,25.445242658159703,25.445242658159703
2022-04-05,25.229799048352536,25.229799048352536,25.229799048352536,25.229799048352536,25.229799048352536
2022-04-06,24.895531740317473,24.895531740317473,24.895531740317473,24.895531740317473,24.895531740317473
2022-04-07,21.719153455214464,21.719153455214464,21.719153455214464,21.719153455214464,21.719153455214464
2022-04-08,22.480648404639084,22.480648404639084,22.480648404639084,22.480648404639084,22.480648404639084
2022-04-09,21.273365459213387,21.273365459213387,21.273365459213387,21.273365459213387,21.273365459213387
2022-04-10,21.73335287688906,21.73335287688906,21.73335287688906,21.73335287688906,21.73335287688906
2022-04-11,21.174856575462012,21.174856575462012,21.174856575462012,21.174856575462012,21.174856575462012
2022-04-12,18.26639440726974,18.26639440726974,18.26639440726974,18.26639440726974,18.26639440726974
2022-04-13,19.561408325335407,19.561408325335407,19.561408325335407,19.561408325335407,19.561408325335407
2022-04-14,19.45391923397134,19.45391923397134,19.45391923397134,19.45391923397134,19.45391923397134
2022-04-15,18.688962149309084,18.688962149309084,18.688962149309084,18.688962149309084,18.688962149309084
2022-04-16,19.080067834005735,19.080067834005735,19.080067834005735,19.080067834005735,19.080067834005735
2022-04-17,21.673147722296843,21.673147722296843,21.673147722296843,21.673147722296843,21.673147722296843
2022-04-18,19.742095851474513,19.742095851474513,19.742095851474513,19.742095851474513,19.742095851474513
2022-04-19,19.63274071709317,19.63274071709317,19.63274071709317,19.63274071709317,19.63274071709317
2022-04-20,20.421571228280786,20.421571228280786,20.421571228280786,20.421571228280786,20.421571228280786
2022-04-21,19.649915549982204,19.649915549982204,19.649915549982204,19.649915549982204,19.649915549982204
2022-04-22,18.86421566837036,18.86421566837036,18.86421566837036,18.86421566837036,18.86421566837036
2022-04-23,19.260645739350974,19.260645739350974,19.260645739350974,19.260645739350974,19.260645739350974
2022-04-24,18.966628735918157,18.966628735918157,18.966628735918157,18.966628735918157,18.966628735918157
2022-04-25,18.904252469149245,18.904252469149245,18.904252469149245,18.904252469149245,18.904252469149245
2022-04-26,18.63685615100301,18.63685615100301,18.63685615100301,18.63685615100301,18.63685615100301
2022-04-27,17.282787933109397,17.282787933109397,17.282787933109397,17.282787933109397,17.282787933109397
2022-04-28,17.715092291885796,17.715092291885796,17.715092291885796,17.715092291885796,17.715092291885796
2022-04-29,18.074394373541654,18.074394373541654,18.074394373541654,18.074394373541654,18.074394373541654
2022-04-30,17.32196971336879,17.32196971336879,17.32196971336879,17.32196971336879,17.32196971336879
2022-05-01,14.464805126006544,14.464805126006544,14.464805126006544,14.464805126006544,14.464805126006544
2022-05-02,15.141678008786482,15.141678008786482,15.141678008786482,15.141678008786482,15.141678008786482
2022-05-03,14.65395880772822,14.65395880772822,14.65395880772822,14.65395880772822,14.65395880772822
2022-05-04,14.624233002868698,14.624233002868698,14.624233002868698,14.624233002868698,14.624233002868698
2022-05-05,15.693241820662646,15.693241820662646,15.693241820662646,15.693241820662646,15.693241820662646
2022-05-06,14.008245304686447,14.008245304686447,14.008245304686447,14.008245304686447,14.008245304686447
2022-05-07,13.88512218971249,13.88512218971249,13.88512218971249,13.88512218971249,13.88512218971249
2022-05-08,13.288197365340665,13.288197365340665,13.288197365340665,13.288197365340665,13.288197365340665
2022-05-09,13.100652629772151,13.100652629772151,13.100652629772151,13.100652629772151,13.100652629772151
2022-05-10,11.220712583995777,11.220712583995777,11.220712583995777,11.220712583995777,11.220712583995777
2022-05-11,11.34968259011923,11.34968259011923,11.34968259011923,11.34968259011923,11.34968259011923
2022-05-12,8.516847080281513,8.516847080281513,8.516847080281513,8.516847080281513,8.516847080281513
2022-05-13,8.132473201200233,8.132473201200233,8.132473201200233,8.132473201200233,8.132473201200233
2022-05-14,8.73755659790738,8.73755659790738,8.73755659790738,8.73755659790738,8.73755659790738
2022-05-15,8.835428655820108,8.835428655820108,8.835428655820108,8.835428655820108,8.835428655820108
2022-05-16,9.166278368316911,9.166278368316911,9.166278368316911,9.166278368316911,9.166278368316911
2022-05-17,8.280230689940472,8.280230689940472,8.280230689940472,8.280230689940472,8.280230689940472
2022-05-18,8.609554986119464,8.609554986119464,8.609554986119464,8.609554986119464,8.609554986119464
2022-05-19,7.560129783272327,7.560129783272327,7.560129783272327,7.560129783272327,7.560129783272327
2022-05-20,8.229298394461978,8.229298394461978,8.229298394461978,8.229298394461978,8.229298394461978
2022-05-21,7.949420908422889,7.949420908422889,7.949420908422889,7.949420908422889,7.949420908422889
2022-05-22,8.188270902797568,8.188270902797568,8.188270902797568,8.188270902797568,8.188270902797568
2022-05-23,8.473904534387922,8.473904534387922,8.473904534387922,8.473904534387922,8.473904534387922
2022-05-24,8.15627095952214,8.15627095952214,8.15627095952214,8.15627095952214,8.15627095952214
2022-05-25,8.408773891617745,8.408773891617745,8.408773891617745,8.408773891617745,8.408773891617745
2022-05-26,8.172643316339316,8.172643316339316,8.172643316339316,8.172643316339316,8.172643316339316
2022-05-27,7.674748467674974,7.674748467674974,7.674748467674974,7.674748467674974,7.674748467674974
2022-05-28,7.2069792704502005,7.2069792704502005,7.2069792704502005,7.2069792704502005,7.2069792704502005
2022-05-29,7.551538690522504,7.551538690522504,7.551538690522504,7.551538690522504,7.551538690522504
2022-05-30,7.639133608276874,7.639133608276874,7.639133608276874,7.639133608276874,7.639133608276874
2022-05-31,8.2049154194941,8.2049154194941,8.2049154194941,8.2049154194941,8.2049154194941
2022-06-01,8.107775286952396,8.107775286952396,8.107775286952396,8.107775286952396,8.107775286952396
2022-06-02,7.467239887026935,7.467239887026935,7.467239887026935,7.467239887026935,7.467239887026935
2022-06-03,7.760973365141826,7.760973365141826,7.760973365141826,7.760973365141826,7.760973365141826
2022-06-04,7.39872832115786,7.39872832115786,7.39872832115786,7.39872832115786,7.39872832115786
2022-06-05,7.471242567714094,7.471242567714094,7.471242567714094,7.471242567714094,7.471242567714094
2022-06-06,7.3707626075962525,7.3707626075962525,7.3707626075962525,7.3707626075962525,7.3707626075962525
2022-06-07,7.5751348693068215,7.5751348693068215,7.5751348693068215,7.5751348693068215,7.5751348693068215
2022-06-08,7.361692229430453,7.361692229430453,7.361692229430453,7.361692229430453,7.361692229430453
2022-06-09,7.185523480301636,7.185523480301636,7.185523480301636,7.185523480301636,7.185523480301636
2022-06-10,7.2214542339043,7.2214542339043,7.2214542339043,7.2214542339043,7.2214542339043
2022-06-11,6.823364323325565,6.823364323325565,6.823364323325565,6.823364323325565,6.823364323325565
2022-06-12,6.0949750353250005,6.0949750353250005,6.0949750353250005,6.0949750353250005,6.0949750353250005
2022-06-13,5.717548180326711,5.717548180326711,5.717548180326711,5.717548180326711,5.717548180326711
2022-06-14,5.335226886777523,5.335226886777523,5.335226886777523,5.335226886777523,5.335226886777523
2022-06-15,5.491086175781854,5.491086175781854,5.491086175781854,5.491086175781854,5.491086175781854
2022-06-16,5.83653449552526,5.83653449552526,5.83653449552526,5.83653449552526,5.83653449552526
2022-06-17,5.290282202640866,5.290282202640866,5.290282202640866,5.290282202640866,5.290282202640866
2022-06-18,5.349333192757721,5.349333192757721,5.349333192757721,5.349333192757721,5.349333192757721
2022-06-19,5.1151481296818675,5.1151481296818675,5.1151481296818675,5.1151481296818675,5.1151481296818675
2022-06-20,5.4686694661383495,5.4686694661383495,5.4686694661383495,5.4686694661383495,5.4686694661383495
2022-06-21,5.475020112421465,5.475020112421465,5.475020112421465,5.475020112421465,5.475020112421465
2022-06-22,5.951477066515057,5.951477066515057,5.951477066515057,5.951477066515057,5.951477066515057
2022-06-23,5.53685657287317,5.53685657287317,5.53685657287317,5.53685657287317,5.53685657287317
2022-06-24,5.809218135694015,5.809218135694015,5.809218135694015,5.809218135694015,5.809218135694015
2022-06-25,6.1788117126431255,6.1788117126431255,6.1788117126431255,6.1788117126431255,6.1788117126431255
2022-06-26,6.085505536044403,6.085505536044403,6.085505536044403,6.085505536044403,6.085505536044403
2022-06-27,5.849083631425672,5.849083631425672,5.849083631425672,5.849083631425672,5.849083631425672
2022-06-28,5.784680516890664,5.784680516890664,5.784680516890664,5.784680516890664,5.784680516890664
2022-06-29,5.5044631303609615,5.5044631303609615,5.5044631303609615,5.5044631303609615,5.5044631303609615
2022-06-30,5.447204181159453,5.447204181159453,5.447204181159453,5.447204181159453,5.447204181159453
2022-07-01,5.31989092777353,5.31989092777353,5.31989092777353,5.31989092777353,5.31989092777353
2022-07-02,5.334754061703175,5.334754061703175,5.334754061703175,5.334754061703175,5.334754061703175
2022-07-03,5.344212866698563,5.344212866698563,5.344212866698563,5.344212866698563,5.344212866698563
2022-07-04,5.312932473027297,5.312932473027297,5.312932473027297,5.312932473027297,5.312932473027297
2022-07-05,5.558681853683242,5.558681853683242,5.558681853683242,5.558681853683242,5.558681853683242
2022-07-06,5.493143601296891,5.493143601296891,5.493143601296891,5.493143601296891,5.493143601296891
2022-07-07,5.578692754591922,5.578692754591922,5.578692754591922,5.578692754591922,5.578692754591922
2022-07-08,5.816425552028302,5.816425552028302,5.816425552028302,5.816425552028302,5.816425552028302
2022-07-09,5.780970304953939,5.780970304953939,5.780970304953939,5.780970304953939,5.780970304953939
2022-07-10,5.804424914858878,5.804424914858878,5.804424914858878,5.804424914858878,5.804424914858878
2022-07-11,5.488138109910555,5.488138109910555,5.488138109910555,5.488138109910555,5.488138109910555
2022-07-12,5.198203202513526,5.198203202513526,5.198203202513526,5.198203202513526,5.198203202513526
2022-07-13,5.08754608127012,5.08754608127012,5.08754608127012,5.08754608127012,5.08754608127012
2022-07-14,5.2969062385732215,5.2969062385732215,5.2969062385732215,5.2969062385732215,5.2969062385732215
2022-07-15,5.361618652949647,5.361618652949647,5.361618652949647,5.361618652949647,5.361618652949647
2022-07-16,5.224991284729007,5.224991284729007,5.224991284729007,5.224991284729007,5.224991284729007
2022-07-17,5.395054108848388,5.395054108848388,5.395054108848388,5.395054108848388,5.395054108848388
2022-07-18,5.682946955746384,5.682946955746384,5.682946955746384,5.682946955746384,5.682946955746384
2022-07-19,5.969480386080626,5.969480386080626,5.969480386080626,5.969480386080626,5.969480386080626
2022-07-20,6.056970110642575,6.056970110642575,6.056970110642575,6.056970110642575,6.056970110642575
2022-07-21,5.57930325853728,5.57930325853728,5.57930325853728,5.57930325853728,5.57930325853728
2022-07-22,5.629705785927208,5.629705785927208,5.629705785927208,5.629705785927208,5.629705785927208
2022-07-23,5.4821819055587495,5.4821819055587495,5.4821819055587495,5.4821819055587495,5.4821819055587495
2022-07-24,5.59275758931683,5.59275758931683,5.59275758931683,5.59275758931683,5.59275758931683
2022-07-25,5.65527842120315,5.65527842120315,5.65527842120315,5.65527842120315,5.65527842120315
2022-07-26,5.252125345418246,5.252125345418246,5.252125345418246,5.252125345418246,5.252125345418246
2022-07-27,5.30526898145431,5.30526898145431,5.30526898145431,5.30526898145431,5.30526898145431
2022-07-28,5.615477547396623,5.615477547396623,5.615477547396623,5.615477547396623,5.615477547396623
2022-07-29,5.941084311253725,5.941084311253725,5.941084311253725,5.941084311253725,5.941084311253725
2022-07-30,5.97789776958909,5.97789776958909,5.97789776958909,5.97789776958909,5.97789776958909
2022-07-31,7.941637355157426,7.941637355157426,7.941637355157426,7.941637355157426,7.941637355157426
2022-08-01,9.903847859365674,9.903847859365674,9.903847859365674,9.903847859365674,9.903847859365674
2022-08-02,8.754881599517299,8.754881599517299,8.754881599517299,8.754881599517299,8.754881599517299
2022-08-03,8.159451224048295,8.159451224048295,8.159451224048295,8.159451224048295,8.159451224048295
2022-08-04,8.109287923485603,8.109287923485603,8.109287923485603,8.109287923485603,8.109287923485603
2022-08-05,8.104364427715492,8.104364427715492,8.104364427715492,8.104364427715492,8.104364427715492
2022-08-06,8.321849762318212,8.321849762318212,8.321849762318212,8.321849762318212,8.321849762318212
2022-08-07,9.474118098325228,9.474118098325228,9.474118098325228,9.474118098325228,9.474118098325228
2022-08-08,8.780348933618132,8.780348933618132,8.780348933618132,8.780348933618132,8.780348933618132
2022-08-09,8.715253425295112,8.715253425295112,8.715253425295112,8.715253425295112,8.715253425295112
2022-08-10,8.060964151535263,8.060964151535263,8.060964151535263,8.060964151535263,8.060964151535263
2022-08-11,8.300665063389987,8.300665063389987,8.300665063389987,8.300665063389987,8.300665063389987
2022-08-12,8.360322357282937,8.360322357282937,8.360322357282937,8.360322357282937,8.360322357282937
2022-08-13,8.756790787353333,8.756790787353333,8.756790787353333,8.756790787353333,8.756790787353333
2022-08-14,8.346138963694811,8.346138963694811,8.346138963694811,8.346138963694811,8.346138963694811
2022-08-15,8.238682254046072,8.238682254046072,8.238682254046072,8.238682254046072,8.238682254046072
2022-08-16,8.495061427913209,8.495061427913209,8.495061427913209,8.495061427913209,8.495061427913209
2022-08-17,8.440630055465526,8.440630055465526,8.440630055465526,8.440630055465526,8.440630055465526
2022-08-18,8.19585851516971,8.19585851516971,8.19585851516971,8.19585851516971,8.19585851516971
2022-08-19,7.50617137537682,7.50617137537682,7.50617137537682,7.50617137537682,7.50617137537682
2022-08-20,6.487358320371364,6.487358320371364,6.487358320371364,6.487358320371364,6.487358320371364
2022-08-21,6.248629791510321,6.248629791510321,6.248629791510321,6.248629791510321,6.248629791510321
2022-08-22,6.428899546490999,6.428899546490999,6.428899546490999,6.428899546490999,6.428899546490999
2022-08-23,6.313548100581019,6.313548100581019,6.313548100581019,6.313548100581019,6.313548100581019
2022-08-24,6.386693617449263,6.386693617449263,6.386693617449263,6.386693617449263,6.386693617449263
2022-08-25,6.279918741188405,6.279918741188405,6.279918741188405,6.279918741188405,6.279918741188405
2022-08-26,6.3665509574303805,6.3665509574303805,6.3665509574303805,6.3665509574303805,6.3665509574303805
2022-08-27,5.637780957964147,5.637780957964147,5.637780957964147,5.637780957964147,5.637780957964147
2022-08-28,5.846625669849709,5.846625669849709,5.846625669849709,5.846625669849709,5.846625669849709
2022-08-29,5.652478557644547,5.652478557644547,5.652478557644547,5.652478557644547,5.652478557644547
2022-08-30,6.025566195180171,6.025566195180171,6.025566195180171,6.025566195180171,6.025566195180171
2022-08-31,5.710401031060095,5.710401031060095,5.710401031060095,5.710401031060095,5.710401031060095
2022-09-01,5.73229033635038,5.73229033635038,5.73229033635038,5.73229033635038,5.73229033635038
2022-09-02,5.775726610468259,5.775726610468259,5.775726610468259,5.775726610468259,5.775726610468259
2022-09-03,5.82038667352373,5.82038667352373,5.82038667352373,5.82038667352373,5.82038667352373
2022-09-04,6.512139786883692,6.512139786883692,6.512139786883692,6.512139786883692,6.512139786883692
2022-09-05,6.266124419148884,6.266124419148884,6.266124419148884,6.266124419148884,6.266124419148884
2022-09-06,6.1352543619801025,6.1352543619801025,6.1352543619801025,6.1352543619801025,6.1352543619801025
2022-09-07,5.612293031162945,5.612293031162945,5.612293031162945,5.612293031162945,5.612293031162945
2022-09-08,5.857525378828345,5.857525378828345,5.857525378828345,5.857525378828345,5.857525378828345
2022-09-09,5.867763374371741,5.867763374371741,5.867763374371741,5.867763374371741,5.867763374371741
2022-09-10,6.3750639112193195,6.3750639112193195,6.3750639112193195,6.3750639112193195,6.3750639112193195
2022-09-11,6.365403350758869,6.365403350758869,6.365403350758869,6.365403350758869,6.365403350758869
2022-09-12,6.395706917840516,6.395706917840516,6.395706917840516,6.395706917840516,6.395706917840516
2022-09-13,6.53339860130395,6.53339860130395,6.53339860130395,6.53339860130395,6.53339860130395
2022-09-14,5.8672379035194675,5.8672379035194675,5.8672379035194675,5.8672379035194675,5.8672379035194675
2022-09-15,5.974583182158219,5.974583182158219,5.974583182158219,5.974583182158219,5.974583182158219
2022-09-16,5.7171812535846644,5.7171812535846644,5.7171812535846644,5.7171812535846644,5.7171812535846644
2022-09-17,5.813925361473522,5.813925361473522,5.813925361473522,5.813925361473522,5.813925361473522
2022-09-18,5.910700364085074,5.910700364085074,5.910700364085074,5.910700364085074,5.910700364085074
2022-09-19,5.256584245693231,5.256584245693231,5.256584245693231,5.256584245693231,5.256584245693231
2022-09-20,5.4879707277379595,5.4879707277379595,5.4879707277379595,5.4879707277379595,5.4879707277379595
2022-09-21,5.305893366199229,5.305893366199229,5.305893366199229,5.305893366199229,5.305893366199229
2022-09-22,5.275511178135845,5.275511178135845,5.275511178135845,5.275511178135845,5.275511178135845
2022-09-23,5.536143545951632,5.536143545951632,5.536143545951632,5.536143545951632,5.536143545951632
2022-09-24,5.699392805009651,5.699392805009651,5.699392805009651,5.699392805009651,5.699392805009651
2022-09-25,5.573618676470987,5.573618676470987,5.573618676470987,5.573618676470987,5.573618676470987
2022-09-26,5.716685212990941,5.716685212990941,5.716685212990941,5.716685212990941,5.716685212990941
2022-09-27,5.680937345715283,5.680937345715283,5.680937345715283,5.680937345715283,5.680937345715283
2022-09-28,5.734628459827718,5.734628459827718,5.734628459827718,5.734628459827718,5.734628459827718
2022-09-29,5.868533906787416,5.868533906787416,5.868533906787416,5.868533906787416,5.868533906787416
2022-09-30,5.774666907741329,5.774666907741329,5.774666907741329,5.774666907741329,5.774666907741329
2022-10-01,5.687834711365184,5.687834711365184,5.687834711365184,5.687834711365184,5.687834711365184
2022-10-02,5.5194990234059595,5.5194990234059595,5.5194990234059595,5.5194990234059595,5.5194990234059595
2022-10-03,5.383139226348592,5.383139226348592,5.383139226348592,5.383139226348592,5.383139226348592
2022-10-04,5.525971239505747,5.525971239505747,5.525971239505747,5.525971239505747,5.525971239505747
2022-10-05,5.60270906144492,5.60270906144492,5.60270906144492,5.60270906144492,5.60270906144492
2022-10-06,5.582460070068743,5.582460070068743,5.582460070068743,5.582460070068743,5.582460070068743
2022-10-07,5.485732596755115,5.485732596755115,5.485732596755115,5.485732596755115,5.485732596755115
2022-10-08,5.45922100183184,5.45922100183184,5.45922100183184,5.45922100183184,5.45922100183184
2022-10-09,5.399329024285749,5.399329024285749,5.399329024285749,5.399329024285749,5.399329024285749
2022-10-10,5.4270590040511095,5.4270590040511095,5.4270590040511095,5.4270590040511095,5.4270590040511095
2022-10-11,5.157920417655718,5.157920417655718,5.157920417655718,5.157920417655718,5.157920417655718
2022-10-12,5.128603780996167,5.128603780996167,5.128603780996167,5.128603780996167,5.128603780996167
2022-10-13,5.146268423833635,5.146268423833635,5.146268423833635,5.146268423833635,5.146268423833635
2022-10-14,5.158792486150731,5.158792486150731,5.158792486150731,5.158792486150731,5.158792486150731
2022-10-15,5.068128667043844,5.068128667043844,5.068128667043844,5.068128667043844,5.068128667043844
2022-10-16,5.192161202334519,5.192161202334519,5.192161202334519,5.192161202334519,5.192161202334519
2022-10-17,5.151014559350665,5.151014559350665,5.151014559350665,5.151014559350665,5.151014559350665
2022-10-18,5.258464160240056,5.258464160240056,5.258464160240056,5.258464160240056,5.258464160240056
2022-10-19,5.13374495969527,5.13374495969527,5.13374495969527,5.13374495969527,5.13374495969527
2022-10-20,4.988628210442356,4.988628210442356,4.988628210442356,4.988628210442356,4.988628210442356
2022-10-21,4.94126324136142,4.94126324136142,4.94126324136142,4.94126324136142,4.94126324136142
2022-10-22,4.95688594453102,4.95688594453102,4.95688594453102,4.95688594453102,4.95688594453102
2022-10-23,4.950339723052399,4.950339723052399,4.950339723052399,4.950339723052399,4.950339723052399
2022-10-24,5.110064813501665,5.110064813501665,5.110064813501665,5.110064813501665,5.110064813501665
2022-10-25,4.94521161552986,4.94521161552986,4.94521161552986,4.94521161552986,4.94521161552986
2022-10-26,5.185745800001925,5.185745800001925,5.185745800001925,5.185745800001925,5.185745800001925
2022-10-27,5.275842060550732,5.275842060550732,5.275842060550732,5.275842060550732,5.275842060550732
2022-10-28,5.238283351006157,5.238283351006157,5.238283351006157,5.238283351006157,5.238283351006157
2022-10-29,5.371068682667205,5.371068682667205,5.371068682667205,5.371068682667205,5.371068682667205
2022-10-30,5.693671700874866,5.693671700874866,5.693671700874866,5.693671700874866,5.693671700874866
2022-10-31,5.390299258824636,5.390299258824636,5.390299258824636,5.390299258824636,5.390299258824636
2022-11-01,5.439022831139955,5.439022831139955,5.439022831139955,5.439022831139955,5.439022831139955
2022-11-02,5.371205209037053,5.371205209037053,5.371205209037053,5.371205209037053,5.371205209037053
2022-11-03,5.228650647506256,5.228650647506256,5.228650647506256,5.228650647506256,5.228650647506256
2022-11-04,5.782668184207619,5.782668184207619,5.782668184207619,5.782668184207619,5.782668184207619
2022-11-05,6.149140294502375,6.149140294502375,6.149140294502375,6.149140294502375,6.149140294502375
2022-11-06,6.170945689562878,6.170945689562878,6.170945689562878,6.170945689562878,6.170945689562878
2022-11-07,5.8415061910886585,5.8415061910886585,5.8415061910886585,5.8415061910886585,5.8415061910886585
2022-11-08,5.742993618433975,5.742993618433975,5.742993618433975,5.742993618433975,5.742993618433975
2022-11-09,4.773552782516131,4.773552782516131,4.773552782516131,4.773552782516131,4.773552782516131
2022-11-10,4.116903081133833,4.116903081133833,4.116903081133833,4.116903081133833,4.116903081133833
2022-11-11,4.639938814429038,4.639938814429038,4.639938814429038,4.639938814429038,4.639938814429038
2022-11-12,4.486373884086699,4.486373884086699,4.486373884086699,4.486373884086699,4.486373884086699
2022-11-13,4.256944019645034,4.256944019645034,4.256944019645034,4.256944019645034,4.256944019645034
2022-11-14,4.303317924900647,4.303317924900647,4.303317924900647,4.303317924900647,4.303317924900647
2022-11-15,4.324741443251934,4.324741443251934,4.324741443251934,4.324741443251934,4.324741443251934
2022-11-16,4.392238684992924,4.392238684992924,4.392238684992924,4.392238684992924,4.392238684992924
2022-11-17,4.344666429389526,4.344666429389526,4.344666429389526,4.344666429389526,4.344666429389526
2022-11-18,4.323591716975861,4.323591716975861,4.323591716975861,4.323591716975861,4.323591716975861
2022-11-19,4.344690598543222,4.344690598543222,4.344690598543222,4.344690598543222,4.344690598543222
2022-11-20,4.383402720631338,4.383402720631338,4.383402720631338,4.383402720631338,4.383402720631338
2022-11-21,4.168899222085849,4.168899222085849,4.168899222085849,4.168899222085849,4.168899222085849
2022-11-22,4.168274276332523,4.168274276332523,4.168274276332523,4.168274276332523,4.168274276332523
2022-11-23,4.320693473660845,4.320693473660845,4.320693473660845,4.320693473660845,4.320693473660845
2022-11-24,4.444423025242883,4.444423025242883,4.444423025242883,4.444423025242883,4.444423025242883
2022-11-25,4.3933557988698215,4.3933557988698215,4.3933557988698215,4.3933557988698215,4.3933557988698215
2022-11-26,4.292919691803283,4.292919691803283,4.292919691803283,4.292919691803283,4.292919691803283
2022-11-27,4.301097571088392,4.301097571088392,4.301097571088392,4.301097571088392,4.301097571088392
2022-11-28,4.343832239961365,4.343832239961365,4.343832239961365,4.343832239961365,4.343832239961365
2022-11-29,4.257467841617127,4.257467841617127,4.257467841617127,4.257467841617127,4.257467841617127
2022-11-30,4.352989509213782,4.352989509213782,4.352989509213782,4.352989509213782,4.352989509213782
2022-12-01,4.429117847745125,4.429117847745125,4.429117847745125,4.429117847745125,4.429117847745125
2022-12-02,4.381209801703346,4.381209801703346,4.381209801703346,4.381209801703346,4.381209801703346
2022-12-03,4.6572833072967095,4.6572833072967095,4.6572833072967095,4.6572833072967095,4.6572833072967095
2022-12-04,4.424802071599917,4.424802071599917,4.424802071599917,4.424802071599917,4.424802071599917
2022-12-05,4.576934761840415,4.576934761840415,4.576934761840415,4.576934761840415,4.576934761840415
2022-12-06,4.522685892468377,4.522685892468377,4.522685892468377,4.522685892468377,4.522685892468377
2022-12-07,4.595620835576648,4.595620835576648,4.595620835576648,4.595620835576648,4.595620835576648
2022-12-08,4.350785627938146,4.350785627938146,4.350785627938146,4.350785627938146,4.350785627938146
2022-12-09,4.396103119975038,4.396103119975038,4.396103119975038,4.396103119975038,4.396103119975038
2022-12-10,4.439655799480222,4.439655799480222,4.439655799480222,4.439655799480222,4.439655799480222
2022-12-11,4.376004498093624,4.376004498093624,4.376004498093624,4.376004498093624,4.376004498093624
2022-12-12,4.292581465365046,4.292581465365046,4.292581465365046,4.292581465365046,4.292581465365046
2022-12-13,4.253314351757503,4.253314351757503,4.253314351757503,4.253314351757503,4.253314351757503
2022-12-14,4.31696569745644,4.31696569745644,4.31696569745644,4.31696569745644,4.31696569745644
2022-12-15,4.23000503942969,4.23000503942969,4.23000503942969,4.23000503942969,4.23000503942969
2022-12-16,4.142220482817378,4.142220482817378,4.142220482817378,4.142220482817378,4.142220482817378
2022-12-17,2.9533763636293853,2.9533763636293853,2.9533763636293853,2.9533763636293853,2.9533763636293853
2022-12-18,3.2042534235897153,3.2042534235897153,3.2042534235897153,3.2042534235897153,3.2042534235897153
2022-12-19,3.0531833302164095,3.0531833302164095,3.0531833302164095,3.0531833302164095,3.0531833302164095
2022-12-20,2.807982629232304,2.807982629232304,2.807982629232304,2.807982629232304,2.807982629232304
2022-12-21,2.981369056422785,2.981369056422785,2.981369056422785,2.981369056422785,2.981369056422785
2022-12-22,2.9691448187934464,2.9691448187934464,2.9691448187934464,2.9691448187934464,2.9691448187934464
2022-12-23,2.992953147975588,2.992953147975588,2.992953147975588,2.992953147975588,2.992953147975588
2022-12-24,2.9761113946185116,2.9761113946185116,2.9761113946185116,2.9761113946185116,2.9761113946185116
2022-12-25,2.935462243846501,2.935462243846501,2.935462243846501,2.935462243846501,2.935462243846501
2022-12-26,2.972548782731069,2.972548782731069,2.972548782731069,2.972548782731069,2.972548782731069
2022-12-27,3.0029031859580537,3.0029031859580537,3.0029031859580537,3.0029031859580537,3.0029031859580537
2022-12-28,3.06960763993495,3.06960763993495,3.06960763993495,3.06960763993495,3.06960763993495
2022-12-29,2.99160429675603,2.99160429675603,2.99160429675603,2.99160429675603,2.99160429675603
2022-12-30,2.9763150499351267,2.9763150499351267,2.9763150499351267,2.9763150499351267,2.9763150499351267
2022-12-31,2.9733387915371288,2.9733387915371288,2.9733387915371288,2.9733387915371288,2.9733387915371288
2023-01-01,3.0097867160446943,3.0097867160446943,3.0097867160446943,3.0097867160446943,3.0097867160446943
